{"accuracy": 0.544, "r_squared": -0.8269230769230773, "rmse": 0.6752777206453653, "mae": 0.456}