{"accuracy": 0.512, "r_squared": -0.9551282051282055, "rmse": 0.6985699678629192, "mae": 0.488}