{"accuracy": 0.472, "r_squared": -1.1153846153846159, "rmse": 0.726636084983398, "mae": 0.528}